"","baseMean","log2FoldChange","lfcSE","stat","pvalue","padj","regulation"
"LOC105382270",13030.9310697398,-1.14961314177389,0.277517565691138,-4.14248784184475,3.43558586663633e-05,0.000384058081232687,"Down"
"LOC105383718",905.674561981672,1.07046828342128,0.247909884410896,4.31797338764855,1.57468411142634e-05,0.000197744252336208,"Up"
"LOC105393570",129.078455976248,1.11540782941286,0.302742192164371,3.68434879009947,0.000229288091954158,0.00185895516190137,"Up"
"LOC119692563",2226.13085835485,-2.34746938865874,0.437247206245625,-5.36874645538625,7.92857896584921e-08,2.10439545624299e-06,"Down"
"LOC105398623",295.541540003931,1.17136367899558,0.260237789964759,4.50112829176039,6.75936902143164e-06,9.62450416208443e-05,"Up"
"LOC119694269",702.430566171687,-1.1573595914499,0.220143024071012,-5.25730759052609,1.46179704929356e-07,3.5313548039968e-06,"Down"
"LOC105398274",750.519571425421,1.60655742303105,0.261795043208712,6.13669916488925,8.42537180355021e-10,3.91162294188929e-08,"Up"
"LOC105391665",783.275843011911,2.97503081894082,0.225962064797638,13.1660631690772,1.3758711988405e-39,6.53676406569119e-36,"Up"
"LOC105381750",89.5145550468147,2.22983765695101,0.589360048986364,3.78348966949166,0.000154644746064322,0.0013326188425966,"Up"
"LOC125489471",25.3872756303336,-2.66634960691207,0.521567444219406,-5.1121856558793,3.18452619203674e-07,6.82181404536664e-06,"Down"
"LOC105380089",155.423304949702,-1.31933370269474,0.216974068394725,-6.08060544956264,1.19729580034615e-09,5.33283032572925e-08,"Down"
"LOC119693496",2171.80200301564,1.49497114783321,0.367897003157303,4.06355891731469,4.83301159100059e-05,0.000508375750601707,"Up"
"LOC119693678",145.992392836115,-1.48742945477374,0.261873148883303,-5.6799616956398,1.34724909882047e-08,4.70645622683533e-07,"Down"
"LOC105387106",55.9909040917781,2.48705943701147,0.528780177216205,4.70339007431168,2.55876887565509e-06,4.20162820100368e-05,"Up"
"LOC105381140",561.529216717521,1.11312498826647,0.215842369859458,5.15711993428936,2.50777184978459e-07,5.56748787772271e-06,"Up"
"LOC105384964",2555.81365350707,1.44611721617663,0.222450040567585,6.50086290156134,7.98605884448391e-11,5.08148646028702e-09,"Up"
"LOC105386950",2086.380644219,1.39940151789391,0.323815780510337,4.32159765558194,1.54903464882639e-05,0.000195038788425111,"Up"
"LOC105381398",5118.4441815402,1.24137925376898,0.287274739987409,4.32122662028478,1.55164210395835e-05,0.000195194659379686,"Up"
"LOC105380349",170.688327134755,2.06399007744866,0.296617877729611,6.95841428455685,3.44124009749281e-12,2.97260576421606e-10,"Up"
"LOC105387322",48004.9125750991,1.21761534845314,0.22510407663591,5.40912171227598,6.33345778783425e-08,1.72272469179392e-06,"Up"
"LOC105386157",13250.9063853146,1.91398199113239,0.308746532452957,6.19920157783155,5.67503102177018e-10,2.74190566621323e-08,"Up"
"LOC105386159",7689.31461774799,1.79554164472573,0.294737818171703,6.0919961200219,1.11511387863464e-09,4.99802456357849e-08,"Up"
"LOC105394550",303.618138263755,1.44436362947836,0.22647199390269,6.37766994756522,1.79802480099264e-10,1.03103855505845e-08,"Up"
"LOC105394980",4090.66839806414,1.87358509381537,0.259002127415371,7.23385986251236,4.69456206694371e-13,4.97096647646096e-11,"Up"
"LOC105383460",238.394344236699,3.26405271187464,0.333644724940892,9.78301908550448,1.3317750249804e-22,9.03894734811696e-20,"Up"
"LOC125491425",25.7129889514055,4.17265641992449,0.740660815707102,5.63369403569823,1.76389849010245e-08,5.83314273304647e-07,"Up"
"LOC119692402",274.350381651014,1.16469273393253,0.207324673687238,5.61772370465435,1.93489576466e-08,6.22529781799073e-07,"Up"
"LOC105390212",6415.58449197246,-1.07925769313122,0.157481847694248,-6.85321964996633,7.22060852490044e-12,5.81442561047492e-10,"Down"
"LOC119692424",3326.8994695635,1.06635768943605,0.159921167189664,6.66802092665674,2.59275821799325e-11,1.88543790209479e-09,"Up"
"LOC105391629",665.38274887324,1.3897622134248,0.349916845426297,3.97169279384557,7.13637118523694e-05,0.00069572297197799,"Up"
"LOC125491456",2856.11354929453,11.7696137141255,0.946227279997805,12.4384637421918,1.61581739904393e-35,4.60604907771463e-32,"Up"
"LOC105391673",2813.52186327262,1.82772526137539,0.259511169221844,7.0429541312457,1.88206199829878e-12,1.81250200417247e-10,"Up"
"LOC105388372",94.3743288115401,5.8558659015262,0.796524062265934,7.35177526824182,1.95591463603156e-13,2.285053385849e-11,"Up"
"LOC105396817",9764.24467664924,1.67016059685712,0.268850225000815,6.21223432806148,5.22364503718414e-10,2.60323820681767e-08,"Up"
"LOC105396806",2008.86027987862,1.59542817023219,0.248437692161336,6.42184427150497,1.34633118383303e-10,8.06271359797151e-09,"Up"
"LOC105396775",2391.81039020609,2.75865254754096,0.608297514956349,4.53503833192369,5.75930246487323e-06,8.44519938599158e-05,"Up"
"LOC105396722",2776.43218826877,1.21290779461277,0.232375904429073,5.21959364759777,1.79316127228945e-07,4.17398252666095e-06,"Up"
"LOC105389299",123.814128310661,-1.2567304759492,0.341345063532129,-3.68170104159396,0.000231682990788213,0.00187092219133394,"Down"
"LOC105385481",489.733337594568,1.42928964672548,0.1618461569587,8.83116209605278,1.03593731553098e-18,3.14153501239641e-16,"Up"
"LOC105386363",735.998881321133,1.04669019275787,0.209679765572414,4.9918512160697,5.98033162980601e-07,1.19213519887587e-05,"Up"
"LOC105393958",535.797268537166,1.55554400153512,0.31513506521959,4.93611842417854,7.96927278601873e-07,1.53287510147267e-05,"Up"
"LOC105390550",956.590126984844,1.00680904326254,0.187361084332792,5.37362946445295,7.71673528441405e-08,2.05198932852152e-06,"Up"
"LOC125491410",3.02034282788008,-5.24867535609334,1.61495261050942,-3.25004914815283,0.00115385065278178,0.00679579890665239,"Down"
"LOC105388727",202.886755747795,1.63397926594855,0.360242780172939,4.53577241760164,5.73930432709165e-06,8.42454218064235e-05,"Up"
"LOC105387476",378.746783967861,1.13152375465491,0.193313945567905,5.85329605337473,4.81925134984394e-09,1.88188464354317e-07,"Up"
"LOC105390653",338.664065384514,-1.11276239443477,0.283924848388325,-3.91921454128186,8.88380105121932e-05,0.000840775673194084,"Down"
"LOC105389540",269.327270347595,1.95925727873798,0.18968836442624,10.3288216157288,5.21978639325171e-25,6.19980128858472e-22,"Up"
"LOC105384022",4455.79868284618,1.72847782288003,0.355352098362922,4.86412724405733,1.14962941171294e-06,2.12800883183695e-05,"Up"
"LOC105384544",298.137813856686,2.11358783700829,0.235334703957707,8.98119912390028,2.67831629706125e-19,9.31074199561316e-17,"Up"
"LOC119694105",32.4676560219468,1.62547749066214,0.481833021517812,3.37352862521079,0.00074211329949447,0.00478829373367799,"Up"
"LOC119694161",1680.0303561112,1.23899204851537,0.150987762058417,8.2059104103815,2.28850025292638e-16,4.79676383896465e-14,"Up"
"LOC119694142",860.800786849471,1.58629441441309,0.226761927377523,6.99541776151937,2.64469679954069e-12,2.44771840804243e-10,"Up"
"LOC125491495",36.9176119501321,2.94262537323906,0.645894696592502,4.55589028484557,5.21641606416409e-06,7.77715252746137e-05,"Up"
"LOC105383074",24.3242723842889,-3.76398473842021,0.677672417184315,-5.55428351954965,2.78752730078587e-08,8.39956060755444e-07,"Down"
"LOC119694174",590.570157748334,-1.24198929349025,0.223844606897882,-5.54844412247483,2.8822296843262e-08,8.62865127023229e-07,"Down"
"LOC105387852",7707.71139408336,1.60326668716914,0.209356814920519,7.6580582665905,1.88765248367398e-14,2.7634519633416e-12,"Up"
"LOC105393565",43.827105237826,3.10488703705982,0.480667042921492,6.459538016562,1.05023101260984e-10,6.53665616713018e-09,"Up"
"LOC105393544",1719.66646194082,1.18971470528758,0.205020713087297,5.80290004542615,6.51776492178587e-09,2.49055505174837e-07,"Up"
"LOC105380014",230.08022418451,1.73907797939491,0.327410733922255,5.31160954487173,1.08661221551187e-07,2.75088524115287e-06,"Up"
"LOC105398334",166.866131984833,-1.04289336349667,0.216376078546513,-4.81981820958313,1.43689094302254e-06,2.57610146049059e-05,"Down"
"LOC105393155",183.08323635312,2.06590364850148,0.28373219569706,7.2811745717685,3.30926115176684e-13,3.65634877489401e-11,"Up"
"LOC105393152",688.267657755874,1.4676579290173,0.311764398481759,4.70758667816002,2.50666705568303e-06,4.12797904242274e-05,"Up"
"LOC105393177",1602.67868584157,1.72038719160534,0.338193450209291,5.08699145575019,3.6378821670111e-07,7.64583682166867e-06,"Up"
"LOC105393144",2970.81466979479,1.25603915944963,0.244201159503812,5.14346107938943,2.69722553336238e-07,5.9235062445322e-06,"Up"
"LOC119690826",2405.84077027488,2.29825517678603,0.213601280267271,10.7595571239569,5.34263028220112e-27,1.08783584874589e-23,"Up"
"LOC119690800",45.3710588663315,-2.22369438899129,0.45548482937095,-4.88203831522192,1.04994848293935e-06,1.96648038466945e-05,"Down"
"LOC125488767",119.490051591103,3.35908861169596,0.628998534342961,5.34037589643161,9.27540558622377e-08,2.41245174854831e-06,"Up"
"LOC125488816",23.8063548349255,2.48996941685599,0.56309281734732,4.42195201243378,9.78131836487357e-06,0.000131683580117821,"Up"
"LOC105382967",299.002994269671,1.62067544414322,0.299389459166769,5.41326821810536,6.1884684530152e-08,1.69623540116972e-06,"Up"
"LOC105394699",1013.45651971267,-2.11416828750852,0.411982207028485,-5.1316980477323,2.87139878802508e-07,6.24857033742429e-06,"Down"
"LOC105394086",265.543317157425,1.46538056888665,0.195485138640274,7.49612261617085,6.57333040265548e-14,8.16536500366357e-12,"Up"
"LOC105393734",363.221450594165,-1.53745301224965,0.223058287254885,-6.89260655217365,5.4779231504199e-12,4.53935108505435e-10,"Down"
"LOC119693029",7377.90921940555,3.7700396056806,0.281303664204701,13.4020280764533,5.88331921714869e-41,4.19274744010102e-37,"Up"
"LOC119693079",2112.01819847673,1.08896691709562,0.219312768262844,4.96536031951637,6.85736334417656e-07,1.34274028882119e-05,"Up"
"LOC105392058",901.54877113767,1.18992648929213,0.216815803054916,5.48819077081174,4.06071380540281e-08,1.16923947208902e-06,"Up"
"LOC105395214",1127.62426982354,1.13710574502485,0.280672386824239,4.05136307811043,5.09201207007867e-05,0.000528597582191051,"Up"
"LOC119693069",913.534739727268,1.69329127275707,0.2999683023411,5.64490067631077,1.65276637209482e-08,5.49111400966606e-07,"Up"
"LOC105383038",5077.1199702337,1.34120830049179,0.253074094047712,5.29966650888781,1.16014391195106e-07,2.89082712885287e-06,"Up"
"LOC105384475",17393.140989509,1.89071088772668,0.226361704119732,8.35260935624785,6.6771196768567e-17,1.48701541803498e-14,"Up"
"LOC105380335",1470.12015142449,1.94368943793344,0.19915006083032,9.75992389773612,1.67280701339605e-22,1.08375083463336e-19,"Up"
"LOC105383154",102.341083768637,-1.08461971772643,0.251612814510478,-4.31066962879692,1.62760919255275e-05,0.00020349398088995,"Down"
"LOC105392958",1979.38107298486,2.88083851193927,0.438545606459767,6.56907393325709,5.06291431001081e-11,3.46931334906654e-09,"Up"
"LOC105392970",335.423604721146,2.33887468269623,0.377463574363103,6.1962924148181,5.78086845524226e-10,2.77423293240969e-08,"Up"
"LOC105393533",745.134563020088,1.38119823179905,0.222647523374876,6.20351940530461,5.52142284137313e-10,2.69509725198942e-08,"Up"
"LOC119691146",404.847428159365,3.8627423068065,0.425650547198686,9.07491446264591,1.13766825432501e-19,4.26715411286693e-17,"Up"
"LOC105383066",2030.9059586181,1.99901500354035,0.220742267486508,9.0558778176116,1.35473678840007e-19,4.95104190899135e-17,"Up"
"LOC119694378",27.0652633366571,3.59702932680446,0.686090520058798,5.24279117935661,1.58165509104982e-07,3.76978762754734e-06,"Up"
"LOC105382150",76.534717235489,-3.8381313179593,0.473502394482311,-8.10583296448922,5.23853729118885e-16,1.08209959436688e-13,"Down"
"LOC105393123",17.4969893243348,-1.89654341857329,0.510647444318768,-3.71399767035626,0.000204010672018749,0.00168468372438194,"Down"
"LOC105393129",936.308392242329,1.16917395503182,0.212500428319199,5.50198399259501,3.75541058406548e-08,1.08792412712775e-06,"Up"
"LOC105391885",10190.4943788296,1.58438939928805,0.253728502024409,6.24442814522916,4.25353409484812e-10,2.18077775013922e-08,"Up"
"LOC105383334",39.7612261718664,2.96218433530091,0.42710816407245,6.93544301999911,4.04950094864967e-12,3.45613994138346e-10,"Up"
"LOC105398573",1116.9884480486,2.25988679285054,0.432668702859461,5.22313441650665,1.75919592698341e-07,4.11721174832422e-06,"Up"
"LOC105386601",1791.61930797883,1.42526738212329,0.170018747663505,8.38300129668127,5.1594907373262e-17,1.20554461441164e-14,"Up"
"Pxapn-a",76721.6496509251,1.09516699340112,0.21734631413449,5.03881097667682,4.68432827335404e-07,9.60657998275038e-06,"Up"
"LOC105380386",3143.90694279779,1.90374425503264,0.218780176739272,8.70163048319225,3.2714933853027e-18,9.14286180798418e-16,"Up"
"LOC105386930",708.959984411232,1.01135376894618,0.208215554489391,4.85724407778435,1.190308334227e-06,2.18909221777257e-05,"Up"
"LOC105382956",1659.00635684565,1.48458125359403,0.271079809466112,5.47654676502058,4.33706193279776e-08,1.23632287456333e-06,"Up"
"LOC105392161",176.591149261264,-1.75203724102784,0.240769493247136,-7.27682405855911,3.41770517812987e-13,3.74711937722193e-11,"Down"
"LOC105394192",246.312233828918,1.71030556688048,0.227414590316774,7.52065012406698,5.45045283665109e-14,7.06230038916255e-12,"Up"
"LOC105388816",2013.62508804152,3.19788344217714,0.336302043817507,9.50896225867857,1.92573954279483e-21,9.46467782877747e-19,"Up"
"LOC105382419",25857.4752857716,-1.6733534698671,0.305495966300927,-5.47749775595652,4.31382475899269e-08,1.2321632122229e-06,"Down"
"LOC105389675",84.808825480728,1.49454471060138,0.400274987951713,3.73379490497086,0.000188616107020471,0.00157581792108017,"Up"
"LOC105381535",2278.63154192763,1.08578017210455,0.242978051269252,4.46863478586944,7.87204028452711e-06,0.000109463600171088,"Up"
"LOC105385639",5417.28800054492,1.19095744758639,0.226344405005654,5.26170482348191,1.42725772610585e-07,3.47738536242508e-06,"Up"
"LOC105391178",1045.44953385156,-1.10950614179117,0.16769720036934,-6.61612799347616,3.68729144536794e-11,2.62774824854146e-09,"Down"
"LOC125489129",78.6041984146744,-1.14132676985308,0.267851761540583,-4.26103887944806,2.03478827554372e-05,0.000243304004121851,"Down"
"LOC105397679",141.148976526444,-1.61646277616074,0.285742137992725,-5.65706824872255,1.5398054518552e-08,5.2289596682364e-07,"Down"
"LOC105390045",4920.07364220245,1.04106139055957,0.140113726659299,7.43011705834517,1.08501615058823e-13,1.28872793286117e-11,"Up"
"LOC105398815",230.551291086806,1.23301140565513,0.232242193585328,5.30916189956718,1.10130474682829e-07,2.76841209110116e-06,"Up"
"LOC105392933",864.086696372482,1.16647083305578,0.204462847610564,5.70505031445874,1.16308727149117e-08,4.10333734667418e-07,"Up"
"LOC105390031",230.862696885579,-1.48335472892819,0.296077656575643,-5.01001914863919,5.44246199431137e-07,1.09564139554972e-05,"Down"
"LOC105387843",305.843129435953,1.52438547300904,0.287782119376576,5.29701246314861,1.1771266387911e-07,2.92802547690917e-06,"Up"
"LOC119693987",390.550626354937,2.28953916437503,0.273202580234719,8.38037167294684,5.27608286846631e-17,1.20917960196743e-14,"Up"
"LOC105381582",502.844831029974,1.05599753827031,0.183104641159682,5.76718062186856,8.06086474419824e-09,2.96877274416169e-07,"Up"
"LOC105382860",2935.56811857831,1.35376714355883,0.214666679619421,6.30636830065521,2.85658828414469e-10,1.54809706516785e-08,"Up"
"LOC105384189",9788.70905146907,-1.06413955523447,0.172682234313289,-6.16241479308091,7.16438839330409e-10,3.35901407137379e-08,"Down"
"LOC125489233",174.092849192596,1.84128490219695,0.323927119366466,5.68425671119516,1.31382804296317e-08,4.61231307791971e-07,"Up"
"LOC105390077",1635.09262259302,1.31969840810545,0.18371636160723,7.1833471801867,6.8025065007714e-13,6.92543751110677e-11,"Up"
"LOC119691468",6.10858893769786,5.39721242361227,1.51362336971472,3.56575653600639,0.000362808068656465,0.00266551721781474,"Up"
"LOC105391710",2773.64671217782,1.64640479486167,0.189516884912089,8.68737788522316,3.70900764678368e-18,1.01662473056938e-15,"Up"
"LOC105383934",32.3455754387998,5.62062090915125,0.850923454340669,6.60531905717224,3.96662119925836e-11,2.77138489965831e-09,"Up"
"LOC105386796",293.439919861988,1.10207462254276,0.207804998190408,5.30340767613754,1.13660699797855e-07,2.83713827358814e-06,"Up"
"LOC105385220",73.2472921895208,-1.58673638840674,0.365098799188929,-4.34604658227224,1.38613144540691e-05,0.000178630483647239,"Down"
"LOC105384703",2228.97240838938,1.13560015277287,0.196459589933011,5.78032435657678,7.45567409627537e-09,2.78182520665479e-07,"Up"
"LOC105396550",261.319709625118,-1.31841524339792,0.19732891867386,-6.68130779947646,2.36819228198716e-11,1.73988889665789e-09,"Down"
"LOC105390386",925.029672482503,2.16119039552411,0.368135769951832,5.87063407559361,4.34131526152838e-09,1.71403785104056e-07,"Up"
"LOC105384441",115.686371325734,-1.57416722822503,0.303402638254052,-5.18837686212509,2.12134962967802e-07,4.81458539359885e-06,"Down"
"LOC119693642",49.724713213377,2.67827751987304,0.447563426720302,5.98412953332488,2.17550136400717e-09,9.04006441434233e-08,"Up"
"LOC105387574",14917.1259467276,2.45671406084886,0.243182031165815,10.1023667294469,5.39247887576157e-24,4.52111773036645e-21,"Up"
"LOC105392519",1571.05191464169,1.14478658956476,0.230555829260486,4.96533353000309,6.85831004182857e-07,1.34274028882119e-05,"Up"
"LOC105387770",1182.50320486382,1.6451650175065,0.178619502649095,9.21044450973804,3.24777167953048e-20,1.44657780463587e-17,"Up"
"LOC105397953",4657.15260204386,1.48889682014037,0.173083573154282,8.60218444192395,7.82129666546379e-18,1.95573581355887e-15,"Up"
"LOC105389511",442.481926291227,1.83817341181891,0.238893556176074,7.69452906659442,1.42016259811031e-14,2.15335930966662e-12,"Up"
"LOC105385647",378.593076781406,-1.21665804138988,0.148178331041551,-8.21076896222239,2.19776412186484e-16,4.6753331386477e-14,"Down"
"LOC105381226",3209.74090971772,1.79766404568308,0.317825413250199,5.65613689383587,1.5481800182388e-08,5.2289596682364e-07,"Up"
"LOC125489452",17.8913095676423,-2.15999526882755,0.592823700289532,-3.64357104443128,0.00026888139068462,0.00208848308524681,"Down"
"LOC105396641",1178.39725335766,1.62827866647602,0.255146959945988,6.38172865873343,1.75100020873056e-10,1.01865330510354e-08,"Up"
"LOC105395364",987.188221780999,1.09582635968641,0.166871912766137,6.56687120990909,5.13834512051644e-11,3.4874682382248e-09,"Up"
"LOC105380941",3068.43961274081,1.86608195555786,0.26756858061536,6.97421928713082,3.07574014978511e-12,2.77459014904349e-10,"Up"
"LOC119694367",147.668640521413,-1.46477124870149,0.223670401136719,-6.54879340877179,5.80038050682612e-11,3.86321604503704e-09,"Down"
"LOC119694321",133.994442636105,-1.47551759141653,0.26199254641466,-5.63190675310741,1.78228044920953e-08,5.88028778763505e-07,"Down"
"LOC119693967",166.011381115505,-1.7122829747196,0.338057971901903,-5.06505722993708,4.08277675707283e-07,8.47042461696638e-06,"Down"
"LOC125489422",21.4095985396318,-3.11714465000355,0.733337429131139,-4.25062805494158,2.13171916284313e-05,0.000253406115329467,"Down"
"LOC105380021",785.518729425642,1.79534313891825,0.195519318736311,9.18243348290079,4.2145742432601e-20,1.71629504826246e-17,"Up"
"LOC125489525",16.8082335915973,-3.62166380587277,0.699019732680414,-5.18106090079229,2.20627437555369e-07,4.98352276937666e-06,"Down"
"LOC105384146",3633.27815205974,2.41085189545459,0.252698064440395,9.5404446440596,1.42221212557254e-21,7.2395676520662e-19,"Up"
"LOC105388197",33.8200958752802,-1.46905602029832,0.444821337903193,-3.3025754277508,0.00095801318839103,0.00585279124480812,"Down"
"LOC105387650",3792.78668245263,1.17960207711483,0.133268591855655,8.8513134316934,8.64952699406553e-19,2.73959351658702e-16,"Up"
"LOC105398638",594.330269207513,1.6881867638838,0.255464471325595,6.60830351525541,3.88749049286756e-11,2.72947793078036e-09,"Up"
"LOC105393713",25939.9476077027,1.75974372980497,0.284764266319302,6.17965081275964,6.42435377105669e-10,3.05221047662903e-08,"Up"
"LOC105398645",8868.45502802737,1.98243380840792,0.255474140699012,7.75982180812394,8.50487960362951e-15,1.31760922815795e-12,"Up"
"LOC105393719",282.542008881393,-1.14178111725417,0.196716583168372,-5.8041935197548,6.46765439959965e-09,2.47805048810467e-07,"Down"
"LOC105386564",2059.70074779685,1.06798970069587,0.209744940714356,5.09184963917829,3.54587259449869e-07,7.4873069762059e-06,"Up"
"LOC105388392",11.3487139730652,3.87523713327646,1.02835439749678,3.76838679613719,0.000164305968327065,0.00140369969087303,"Up"
"LOC105386122",1245.58394053656,1.98401482173272,0.198013021593311,10.0196179310247,1.24985163978847e-23,9.89674190105839e-21,"Up"
"LOC105391222",1305.47553607164,1.89532985163271,0.247715713283909,7.65122981706235,1.99066204123517e-14,2.86595010845705e-12,"Up"
"LOC105386745",296.904244334958,-1.74222195753245,0.167289499263857,-10.4144131293294,2.13107870749067e-25,3.03742648178645e-22,"Down"
"LOC105386751",1175.2184674947,3.95887569659669,0.250319921175658,15.8152642346776,2.4418306855755e-56,3.48034127615077e-52,"Up"
"LOC105390452",170.393145713428,-1.44790524299136,0.240837273609469,-6.0119649308903,1.83287978697301e-09,7.82156754602584e-08,"Down"
"LOC105381431",122.835348213358,1.90853919167044,0.345599864481328,5.52239565989054,3.34408389713762e-08,9.76705487416036e-07,"Up"
"LOC105386990",7271.1518145945,1.57950091110471,0.243482919309821,6.48711176776582,8.74974320454888e-11,5.51814557055023e-09,"Up"
"LOC105386992",3504.31515690253,1.50212526068957,0.266017236891893,5.6467215366951,1.63536391759473e-08,5.4459911022144e-07,"Up"
"LOC105388339",2073.82156327061,1.21735217900778,0.192664632806743,6.31850361570447,2.64108118120993e-10,1.45341042763649e-08,"Up"
"LOC105389954",13104.5993220878,1.21238953101579,0.200567608146414,6.04479228834772,1.49602609786375e-09,6.52075228527586e-08,"Up"
"LOC105388548",1053.97864249777,1.71024420096457,0.211757713127208,8.07641986545812,6.66959566061665e-16,1.31418330701161e-13,"Up"
"LOC105397175",986.059964122624,1.48884449229061,0.18785584601412,7.92546265597025,2.27298452926873e-15,4.0496060619584e-13,"Up"
"LOC105387746",984.900135897709,1.1714807623237,0.182786074649114,6.40902631435433,1.46451918240583e-10,8.62553384579765e-09,"Up"
"LOC105395867",247.738629419688,-1.49383248907748,0.207312987676943,-7.20568694618077,5.7751948875995e-13,5.9647719371707e-11,"Down"
"LOC105389705",3562.56335917848,1.35722276337734,0.251695872827061,5.39231234955482,6.95567223179874e-08,1.87408688695326e-06,"Up"
"LOC119691238",437.848986038632,1.58638045725698,0.298531619639426,5.31394449664343,1.07277306065182e-07,2.73039900597686e-06,"Up"
"LOC119693854",57544.3398637893,1.44730064228588,0.233086971574693,6.20927301302247,5.32302754970394e-10,2.64352305456203e-08,"Up"
"LOC105389938",72.2031756035006,1.61559934506862,0.378204296590931,4.27176359346353,1.93933111219098e-05,0.000233456810321436,"Up"
"LOC105384151",1763.30647207784,1.67309472358244,0.23982601387815,6.97628541844717,3.03086682675281e-12,2.75152515170113e-10,"Up"
"LOC105391380",32270.4592523428,1.83224430983935,0.284673824782634,6.4362935764761,1.22426137120921e-10,7.45700740335253e-09,"Up"
"LOC105391568",1400.31810113539,1.23298764478702,0.139069528579034,8.86597989786311,7.58341569045465e-19,2.4565096326375e-16,"Up"
"LOC105382262",197.166536027606,1.06217208933562,0.266798439098781,3.98117804933019,6.85745569159528e-05,0.000675928879476539,"Up"
"LOC105395163",503.532970743662,2.12210415124915,0.289949746733037,7.31886878729719,2.50069959592682e-13,2.83839148562743e-11,"Up"
"LOC119693861",462.719290881712,1.94975257557675,0.188269524116072,10.3561773193557,3.92329726031802e-25,5.08352325921025e-22,"Up"
"LOC105390057",9395.97777219391,1.02051823116311,0.157097897195994,6.49606550678342,8.24477685790989e-11,5.22279131359065e-09,"Up"
"LOC125488433",883.119949546417,1.36884314571292,0.214639771439868,6.37739751831783,1.8012250067323e-10,1.03103855505845e-08,"Up"
"LOC105393550",12098.3791881879,4.77142146673293,0.424980313743641,11.2273940990386,2.99172140277896e-29,7.10683419230141e-26,"Up"
"LOC119693811",130.655026124343,-1.2187259358408,0.400096316200007,-3.04608137214531,0.00231845080679976,0.0118525004839962,"Down"
"LOC119693831",645.3867467215,1.13623253129759,0.25678387124248,4.42485941893387,9.65051068805953e-06,0.00013037794202551,"Up"
"LOC105386494",1846.09191564162,2.52945964674401,0.29393033949387,8.60564326601869,7.58899458527916e-18,1.931534639714e-15,"Up"
"LOC105386467",1034.44697753559,4.54567388079149,0.443054601457416,10.259850288968,1.06872300855819e-24,1.08803636007e-21,"Up"
"LOC105386407",687.645116299134,1.09750653026016,0.170390832342427,6.4411125597095,1.18600871190216e-10,7.25501380718522e-09,"Up"
"LOC105386376",1653.72070985499,1.97756150608411,0.15332654381601,12.897711360775,4.63663789208416e-38,1.65214999689689e-34,"Up"
"LOC119692443",245.122093118146,-1.74340879824499,0.323283229896133,-5.39282164065586,6.93597920155799e-08,1.8723202946933e-06,"Down"
"LOC105381763",16209.246150583,1.61655782451594,0.188055834141629,8.59615885832332,8.24286777792672e-18,2.02561369722051e-15,"Up"
"LOC105398484",698.594913367391,1.03265419813015,0.19515633984144,5.29142019659297,1.21370149134072e-07,3.00327905487488e-06,"Up"
"LOC119691473",383.553098088502,2.28177583894197,0.412939181126836,5.52569468635894,3.28184422240481e-08,9.62471722262052e-07,"Up"
"LOC105390290",2044.52388288271,1.09515361631397,0.153769724285144,7.12203667792997,1.06343746169779e-12,1.05994224766284e-10,"Up"
"LOC105390280",890.079340910716,1.46239158391929,0.231607325933039,6.31409899504685,2.71739958162905e-10,1.48395004739306e-08,"Up"
"LOC105395772",4095.69296303694,1.65905883101553,0.192053967164475,8.63850330982599,5.69542089517953e-18,1.53163837771686e-15,"Up"
"LOC105395794",407.213943345644,2.00365172492289,0.29851543691759,6.71205397487043,1.91903677687266e-11,1.43204351731759e-09,"Up"
"LOC105395554",3314.80086427001,1.30869556614355,0.214689618152717,6.09575617770501,1.08921326112076e-09,4.91283437049184e-08,"Up"
"LOC105383139",2452.54041507928,3.3538883757465,0.381089820401161,8.80078185299195,1.35866228106242e-18,4.03437781082974e-16,"Up"
"LOC105389265",269.41690442584,2.45731836380728,0.293276318906234,8.37885026984716,5.34472145681249e-17,1.20917960196743e-14,"Up"
"LOC105391891",5134.47738025344,1.89929886008286,0.207124043604411,9.16986182304528,4.73625745897273e-20,1.87516326563162e-17,"Up"
"LOC105388970",257.184802244158,-1.0770072824345,0.251232960261135,-4.28688688504502,1.81194498028461e-05,0.00022167941462658,"Down"
"LOC105390410",1425.78541529322,1.45630684471212,0.228815248882856,6.36455328839422,1.95858916148454e-10,1.1077687031206e-08,"Up"
"LOC125489805",833.202319632297,2.19490065716941,0.290249409743989,7.56211927908966,3.96554473225859e-14,5.28232795036278e-12,"Up"
"LOC105383183",338.234200824372,1.20711215030478,0.269101185992931,4.48571843282954,7.26686552166007e-06,0.000102230686789871,"Up"
"LOC125489782",33.9993740455053,-2.06223902440709,0.534427450434349,-3.85878199694089,0.00011395352859503,0.00103188033231573,"Down"
"LOC105380836",327.767837177217,1.16455201622753,0.205474811055019,5.66761448884214,1.44799300649762e-08,5.00928260233267e-07,"Up"
"LOC125489907",29.6123013517074,-2.32893778249539,0.618961441201176,-3.76265406448548,0.000168119676778694,0.00143057298694133,"Down"
"LOC105384357",616.086873630113,-1.34275131512147,0.174835806833206,-7.68007045834989,1.59001113295246e-14,2.38551880820752e-12,"Down"
"LOC105386858",249.114891569328,1.32672042203788,0.235729836894922,5.62813956652114,1.821636731446e-08,5.9824397081336e-07,"Up"
"LOC105390366",158.319510106016,-1.26695613348132,0.31461850308211,-4.02696002005536,5.65026353874844e-05,0.000575648364673206,"Down"
"LOC105384055",440.185604267235,1.33710819910667,0.137155896621281,9.7488203718921,1.86624154378371e-22,1.12269711386386e-19,"Up"
"LOC105384039",41.4874213501945,2.38260904880435,0.429672610881291,5.54517320505358,2.93663326578723e-08,8.73816992427253e-07,"Up"
"LOC105380195",27.1848061389139,2.58633498656165,0.689632588398438,3.75030854120163,0.000176617115639053,0.00148954068000203,"Up"
"LOC105392274",643.609525603527,1.23853581755273,0.197208402727655,6.28033998765838,3.37833424172253e-10,1.79001479357885e-08,"Up"
"LOC105387814",358.565071910859,2.52851391018146,0.330755476254597,7.6446622707923,2.09494460894631e-14,2.98592455113117e-12,"Up"
"LOC105392008",1203.48093842718,1.27433252202933,0.304314901041609,4.18754559066135,2.81987388768637e-05,0.000323604368125554,"Up"
"LOC105393182",475.448339219172,-1.15828418695945,0.218127483965074,-5.31012491367161,1.09550124455586e-07,2.75868891142309e-06,"Down"
"LOC105398103",67.9312680545532,-2.17561254234773,0.389147011141804,-5.59072144988143,2.26128086959606e-08,7.06799040227032e-07,"Down"
"LOC119691832",41.1186773068869,3.85984924122308,0.802487170263311,4.80985788215977,1.51037644538047e-06,2.68756497827813e-05,"Up"
"LOC105383939",2486.00729235143,1.95322714357561,0.185136227926821,10.550215727349,5.06805963540878e-26,8.0261171092757e-23,"Up"
"LOC105391396",95.2352024139977,-3.9884392906456,0.568272127475287,-7.01853759459468,2.24202434299722e-12,2.13037153071596e-10,"Down"
"LOC105395864",1151.79932197791,1.09428310658902,0.15953034771528,6.85940400845884,6.91484243036854e-12,5.59984370227516e-10,"Up"
"LOC105387948",3171.82906770008,1.40576272506697,0.15303807394202,9.18570581069621,4.08837251417308e-20,1.71386980719144e-17,"Up"
"LOC105387959",400.814235072432,1.35447904424389,0.287127914405784,4.71733668614914,2.38952073519281e-06,3.97871951386719e-05,"Up"
"LOC105389637",902.747282352547,1.88558491494137,0.262272960817703,7.18939881969754,6.50772249161261e-13,6.67299055201112e-11,"Up"
"LOC105390718",950.221162315227,1.60787478869386,0.214226105561305,7.50550351686122,6.11929279873462e-14,7.71843188144819e-12,"Up"
"LOC105384618",1968.04692227712,1.04467899340238,0.232210166197188,4.49885123683717,6.83216438983491e-06,9.70875763193589e-05,"Up"
"LOC105380787",1552.79124840623,1.12451918017249,0.211310043799308,5.32165513741744,1.02827365999702e-07,2.635968430924e-06,"Up"
"LOC105388755",277.899445419558,2.01618542453007,0.275494897999279,7.31841293313298,2.50920737521263e-13,2.83839148562743e-11,"Up"
"LOC105395547",711.599110935326,2.49990583341669,0.345602958001598,7.23346191210878,4.70834543129326e-13,4.97096647646096e-11,"Up"
"LOC105395872",4846.37722572191,1.45752630739745,0.182013660196601,8.0077852718478,1.16792595260905e-15,2.13416007724831e-13,"Up"
"LOC105382888",3205.06261217729,2.29879331860159,0.238692027760648,9.63079219766293,5.92707500218028e-22,3.37914400024302e-19,"Up"
"LOC125490163",56.3176796969939,-1.92556179492448,0.366455545578048,-5.25455766234099,1.48380653650916e-07,3.57241462244342e-06,"Down"
"LOC105393917",210.428099323878,1.07353194657882,0.19141452180451,5.60841432749398,2.04188731339337e-08,6.46733775062126e-07,"Up"
"LOC119690480",3146.08576696337,1.34802574890777,0.131538687171413,10.2481313892932,1.20653433759121e-24,1.14644892757917e-21,"Up"
"LOC105382107",217.191273763594,1.21992227390153,0.258515053260284,4.71896030237457,2.37053069135933e-06,3.96489315832008e-05,"Up"
"LOC125490333",22.3949864986995,5.73093185491091,1.2275291086721,4.66867287661344,3.0315162522754e-06,4.8712740860971e-05,"Up"
"LOC105389846",1039.13523778517,1.73430920376827,0.235988989618418,7.34911067915737,1.99529921903014e-13,2.31211380234444e-11,"Up"
"LOC105381413",651.43072353135,5.44189329715439,0.809520722143451,6.72236441674443,1.78799088837117e-11,1.35554436872097e-09,"Up"
"LOC105384156",69.4111576036971,-1.49244122911746,0.312373784687892,-4.77774161045117,1.77274978366085e-06,3.08134178859977e-05,"Down"
"LOC105393606",6606.19732760857,1.61691668191518,0.248682662556889,6.5019276586895,7.92972344797711e-11,5.06826674009048e-09,"Up"
"LOC105393603",4708.91152778989,1.75129943376205,0.262735063732268,6.66564793021557,2.63500244450222e-11,1.90643095642082e-09,"Up"
"LOC105389047",1394.89691715709,-1.31246978990205,0.253141480265913,-5.18472827338831,2.16330033897164e-07,4.89420948116869e-06,"Down"
"LOC119694928",602.128916744363,1.16310873211285,0.199334279215607,5.83496595111363,5.38015527380995e-09,2.08378676950036e-07,"Up"
"LOC105388405",2972.75976419587,1.19140276540698,0.144598576466977,8.23938101271048,1.73103865009513e-16,3.73825664845543e-14,"Up"
"LOC105395543",3208.79624269995,1.36089900979095,0.22031467386356,6.17706930693934,6.53024117095348e-10,3.09221021294352e-08,"Up"
"LOC105380614",1350.9204365762,1.13293787618586,0.240334099787274,4.71401219048254,2.42886122504868e-06,4.01607413464256e-05,"Up"
"LOC119694920",615.397804947734,-1.14902232626714,0.24139137409832,-4.75999745458648,1.93595400757054e-06,3.33361740876261e-05,"Down"
"LOC125490447",10.2036671880792,3.72921945712663,1.03566044795822,3.60081285761053,0.000317223856227669,0.00240371697119243,"Up"
"LOC105398214",1617.50435468996,1.88682995083554,0.234717420491235,8.03872991994643,9.07744059696214e-16,1.72507681104669e-13,"Up"
"LOC105390575",852.538228259128,-2.08948395746834,0.273487562526978,-7.64014252846407,2.16981410741499e-14,3.06201588841443e-12,"Down"
"LOC105381551",3294.1067907072,1.54096657700178,0.156356109652587,9.85549320986372,6.48972807155233e-23,4.86832074757028e-20,"Up"
"LOC105386617",85.5733860416636,2.40213216548543,0.467713648123494,5.13590350660704,2.80791711903429e-07,6.13781607597871e-06,"Up"
"LOC119692533",912.722426956497,-1.48919647320169,0.216756260305058,-6.87037352972334,6.40340116704534e-12,5.24526878355731e-10,"Down"
"LOC105386970",1066.55771042752,1.87456799461769,0.286758526657003,6.53709591994068,6.27248237181401e-11,4.13896718729005e-09,"Up"
"LOC105390761",7867.85930363425,1.32138780245633,0.208399296121962,6.34065386517913,2.28792046054534e-10,1.27381759078722e-08,"Up"
"LOC105385153",2241.50861598749,1.37774457163082,0.328627556339142,4.1924194884284,2.75995045423925e-05,0.000317369711461871,"Up"
"LOC105389564",2384.3610967825,1.09154384296347,0.153466035023557,7.11260861594502,1.13869856132075e-12,1.1270743468406e-10,"Up"
"LOC105397424",701.487627768046,1.23794520271028,0.267893602806468,4.62103308829141,3.8183386424608e-06,5.95435237100588e-05,"Up"
"LOC125490455",86.4644279682809,1.63863055607203,0.347291052274698,4.71832068617741,2.37799437095685e-06,3.96489315832008e-05,"Up"
"LOC105387456",751.825746271879,1.05406577299004,0.230258727618621,4.57774514734527,4.70014820635092e-06,7.10405221475287e-05,"Up"
"LOC125490506",168.754130836881,-1.39998903796184,0.225763477336883,-6.20113162003076,5.60586053160225e-10,2.71769830465737e-08,"Down"
"LOC105393670",18970.0146883395,1.06109049776322,0.233238162603619,4.54938628360966,5.38025991798275e-06,7.98800464698002e-05,"Up"
"LOC105389621",459.566853984755,1.20037483550278,0.212571793034795,5.64691494748929,1.63352592788539e-08,5.4459911022144e-07,"Up"
"LOC105387913",2334.25348416883,2.68715958534868,0.262478965162012,10.2376187885763,1.34506045840113e-24,1.19819666959945e-21,"Up"
"LOC105381850",153.910787438362,2.44539516727272,0.388307755744282,6.29756972684089,3.02348370096757e-10,1.62617785622229e-08,"Up"
"LOC105381882",187758.094018888,1.50941491501396,0.246005173681205,6.135703946495,8.47829190465117e-10,3.92341215964263e-08,"Up"
"LOC119691019",194.760212175871,3.25066672849033,1.07804799247157,3.01532654500636,0.00256702719442375,0.0128272770678103,"Up"
"LOC105398349",3306.79178322766,2.12283814007887,0.271204784271096,7.82743617810549,4.97919258122988e-15,8.23160574595076e-13,"Up"
"LOC105382358",2529.02885637965,1.14712338663537,0.249275800005511,4.6018241105234,4.18806813754963e-06,6.45324704481025e-05,"Up"
"LOC105382326",22874.7007975679,1.87268283450525,0.250899273631704,7.46388304517042,8.40091762783032e-14,1.02340409358518e-11,"Up"
"LOC119691021",271.647430183222,-1.67861952916654,0.181130935027165,-9.26743700028265,1.90672454191913e-20,8.76662738579786e-18,"Down"
"LOC105393621",3372.69518802029,1.81602841129876,0.385056130437988,4.71626931178343,2.40208437254781e-06,3.98922910772155e-05,"Up"
"LOC105393620",1877.92430448411,1.2962015937624,0.237891739173914,5.44870367614906,5.07382650245135e-08,1.41521035497924e-06,"Up"
"LOC105398525",1484.25494507839,1.22546238164496,0.194586298484847,6.29778350884451,3.0193179531748e-10,1.62617785622229e-08,"Up"
"LOC105386986",628.7839990337,1.08496313029144,0.195695200364251,5.54414788033624,2.95389116194702e-08,8.77121056900645e-07,"Up"
"LOC125490587",557.508824073132,-1.27620553004417,0.228031826305482,-5.59661144990572,2.18581828242126e-08,6.86221761659698e-07,"Down"
"LOC119691065",10682.5114057771,-1.11256106375475,0.177326220369872,-6.27409224329116,3.51679977729939e-10,1.8495320479324e-08,"Down"
"LOC105384843",2356.38454184195,1.16640305600417,0.161450648478199,7.22451762813249,5.02883631414692e-13,5.27029441070118e-11,"Up"
"LOC105398361",3428.45075344574,1.85996831374171,0.257784806004538,7.21519760054814,5.38557141513067e-13,5.60295980874871e-11,"Up"
"LOC119691998",4.05773572693727,4.34046314845309,1.5579426566646,2.78602240582179,0.00533591833398017,0.0231445051777904,"Up"
"LOC105393056",155.980828119908,1.68266449351497,0.238679707996111,7.04988500129381,1.79065718476409e-12,1.73620658873759e-10,"Up"
"LOC105390186",381.963755331171,1.76862353135495,0.287488564100134,6.15197872962672,7.65221427426458e-10,3.56428137421873e-08,"Up"
"LOC105388303",615.503719984372,2.12343043087898,0.337312394057817,6.2951449999641,3.07112642441244e-10,1.63942939802062e-08,"Up"
"LOC105382518",9363.69756673802,1.33159178321301,0.238636967889358,5.5799895338529,2.405330575252e-08,7.35690486889844e-07,"Up"
"LOC105389758",712.83075776156,1.00897369370311,0.225368047330948,4.47700419670166,7.56977620613289e-06,0.000105880294667333,"Up"
"LOC105392683",2271.01818092101,1.46088452864635,0.226514441249827,6.44941011524788,1.12286331339143e-10,6.92821247002945e-09,"Up"
"LOC125490672",237.859575834422,4.17808354431172,0.983076255634651,4.25000962068242,2.1376133396944e-05,0.000253555715486381,"Up"
"LOC105392370",6711.02294588504,1.54480967015819,0.181559590663638,8.50855448897847,1.76115131462003e-17,4.25452367581005e-15,"Up"
"LOC105382643",220.177016901713,-1.03736338029157,0.207960133329676,-4.98828003080312,6.09192225959246e-07,1.21099257972066e-05,"Down"
"LOC125490748",114.634740216812,-1.69402631491738,0.371708936431308,-4.55740002159037,5.17907293821285e-06,7.72956299354427e-05,"Down"
"LOC105391645",33.2363781082476,-2.10849173207652,0.400820282376847,-5.26044171111615,1.43709756085039e-07,3.48767226958043e-06,"Down"
"LOC125490868",96.1537732750275,-2.56143713816923,0.401410921134955,-6.38108482680786,1.75837868155578e-10,1.01878745317945e-08,"Down"
"LOC105383907",206.897715771041,2.50851400411475,0.313160376553814,8.01031737067056,1.14412801525966e-15,2.1221944364341e-13,"Up"
"LOC105391036",1225.34858355817,1.41888155122395,0.214582647506204,6.61228467312542,3.78433354854406e-11,2.68348786404967e-09,"Up"
"LOC105393331",392.903349404539,1.0124714111675,0.198363938432078,5.104110248921,3.32354482761469e-07,7.05968471356068e-06,"Up"
"LOC105383734",87.5755815731559,1.86628659975991,0.46308640374345,4.03010450031228,5.57520615653026e-05,0.000569625977744072,"Up"
"LOC105391545",58.5071434613558,1.94165103997468,0.364194742069327,5.33135384915876,9.74832588297908e-08,2.51708131902356e-06,"Up"
"LOC105388933",3878.4810700008,1.07119207397389,0.138009701128614,7.76171577225304,8.37880171964893e-15,1.31234132868304e-12,"Up"
"LOC105388934",338.47361610845,1.19086006639733,0.226112447586264,5.26667186662956,1.38919189668793e-07,3.40208799029091e-06,"Up"
"LOC105386424",708.352326092392,1.49154082860695,0.213215567876739,6.99545930656064,2.64391317673015e-12,2.44771840804243e-10,"Up"
"LOC105386427",2066.61360363437,1.18040578089616,0.215582332986173,5.47542910657649,4.36452672182829e-08,1.24166865002432e-06,"Up"
"LOC119693568",5137.2215133549,2.32401085381079,0.37044724137787,6.27352722392177,3.52959178444969e-10,1.8495320479324e-08,"Up"
"LOC105385768",6812.92197856978,1.33445211812835,0.233344733166131,5.71880110607974,1.07278277284092e-08,3.81306056391561e-07,"Up"
"LOC105391742",1445.37314641479,1.17495639668788,0.203514590470586,5.77332757307981,7.77211355633677e-09,2.87729700047969e-07,"Up"
"LOC105388399",2970.60401181938,1.06652458471106,0.17983864858332,5.93045262023826,3.0210074903347e-09,1.23024056456402e-07,"Up"
"LOC105388429",118.596083238431,1.64646281533231,0.237880248665984,6.92139353546819,4.47222182602641e-12,3.74956339331497e-10,"Up"
"LOC105389035",717.273516401023,-1.07050845791996,0.192950067231161,-5.54811134964497,2.88771953686999e-08,8.62865127023229e-07,"Down"
"LOC105383677",95.0217090485427,3.52833178465326,0.403457615909835,8.74523529986299,2.22551372311245e-18,6.47351981541262e-16,"Up"
"LOC125491066",16.870129866591,6.25443291844006,1.33607403388459,4.68120235841686,2.8519724567319e-06,4.61732358433963e-05,"Up"
"LOC105398310",4330.27033372087,2.41660015310588,0.300534160085017,8.04101654341809,8.90962269545474e-16,1.7160655713286e-13,"Up"
"LOC119690291",654.083447490208,1.64679613465028,0.188598969789803,8.73173451841048,2.50796354291253e-18,7.14920087542645e-16,"Up"
"LOC105391333",408.253534492136,-1.04924097772647,0.189022979380414,-5.55086466823085,2.84260082016229e-08,8.52959778732065e-07,"Down"
"LOC105385541",455.829437672681,1.67399985030959,0.278301862990896,6.01505082401963,1.79830270601931e-09,7.72024351472686e-08,"Up"
"LOC119692859",21.034991232317,-4.62496326467763,0.743490355942795,-6.22060962554501,4.952269095499e-10,2.50300324177827e-08,"Down"
"LOC105390169",6872.07672828139,2.02464431766553,0.369794045823777,5.47505926753176,4.37365203957385e-08,1.24178610597701e-06,"Up"
"LOC105390174",849.622500822988,-1.17032088465316,0.169080468090535,-6.92167994251416,4.4631873017733e-12,3.74956339331497e-10,"Down"
"LOC125488481",670.395692059838,1.25309905437518,0.288458817160461,4.34411770356153,1.3983652908205e-05,0.000179881773376034,"Up"
"LOC105383836",2246.05860937845,-1.3562414735872,0.229932165936136,-5.89844169068495,3.66950595546894e-09,1.4774426096977e-07,"Down"
"LOC125491128",43.627330545148,4.87229686058446,0.795497421151746,6.12484306175399,9.07730323972553e-10,4.13350808548907e-08,"Up"
"LOC125491207",82.5256414856473,2.45084039718461,0.459542725536039,5.33321552272598,9.64886750772679e-08,2.4975047359118e-06,"Up"
"LOC125491197",5.30183733384218,-4.1499609366513,1.3489479721363,-3.07644254809849,0.00209486668880448,0.0109050894505224,"Down"
"LOC105385335",449.967173322046,1.06330137428199,0.184003890880487,5.77868962006147,7.52846632614303e-09,2.80165092810748e-07,"Up"
"LOC119693979",10.6700956874959,3.88888893792571,0.95139735396745,4.08755492298622,4.35943489615086e-05,0.000465430903182309,"Up"
"LOC105387103",67.8634553988971,1.51784306313553,0.330786947923595,4.58858208482313,4.46266826441588e-06,6.81010821977726e-05,"Up"
"LOC105380207",154.991591475578,1.00810988087909,0.241501494358264,4.17434220669282,2.98848265294544e-05,0.00033994288310001,"Up"
"LOC105397542",1141.50759104337,1.22010714238739,0.294232705589118,4.14674208274865,3.37239586640789e-05,0.000377290096420029,"Up"
"LOC105384133",13268.9024248844,1.25224204717105,0.259259121901676,4.8300790266734,1.3647887230757e-06,2.47170694663252e-05,"Up"
"LOC105381601",639.520755337122,1.14243172089312,0.229559006978296,4.97663644712113,6.46986741648378e-07,1.28117251419422e-05,"Up"
"LOC105381591",9642.76272908394,1.51746418636099,0.176240145768374,8.61020728134971,7.29285888531137e-18,1.88991123076987e-15,"Up"
"LOC105388137",298.403167930135,-1.69446400926997,0.29265400272791,-5.78999088847374,7.03902426631091e-09,2.66119928031113e-07,"Down"
"LOC119691179",167.902158192854,6.38798748081405,0.701143279189241,9.11081610623256,8.17645696320696e-20,3.14970381342132e-17,"Up"
"LOC105391695",31.3474593494153,-4.41763595378285,0.686473704145775,-6.43525881195991,1.23263115162739e-10,7.4760390655937e-09,"Down"
"LOC105384209",161.070096846454,-1.3785980191683,0.335239862292153,-4.11227355166638,3.917816861788e-05,0.000428883592404489,"Down"
"LOC105386051",728.097387628509,1.32359025502091,0.166960005420433,7.92758871615923,2.23441885737172e-15,4.03128759166065e-13,"Up"
